r_mu_pct,opc_2030
0.772346,720.890122
0.864013,695.693435
0.886341,664.662563
0.888603,690.767672
0.898181,668.612686
0.942937,655.827901
0.944809,634.709126
0.956843,661.258024
0.959949,653.433214
0.962933,662.257406
0.964846,657.876001
0.966480,647.437113
0.971181,651.195890
0.985112,624.386370
1.012349,671.000247
1.016339,643.790234
1.017719,608.124493
1.029409,660.018017
1.030892,643.934794
1.037985,675.669010
1.040290,665.311399
1.060333,649.747049
1.064874,617.083810
1.064938,622.330957
1.066764,639.461480
1.072586,646.242288
1.073681,627.998789
1.074413,638.271568
1.075345,620.340288
1.087983,635.557371
1.091505,623.904515
1.095629,601.188293
1.139774,606.089813
1.146502,636.370527
1.156469,603.783031
1.158287,590.953059
1.161366,608.399230
1.164728,600.789002
1.167474,602.648029
1.167585,590.564049
1.175633,604.996927
1.202287,586.714949
1.209855,597.529337
1.226829,582.390610
1.230302,586.787575
1.231462,587.612759
1.234314,579.903399
1.268319,573.946519
1.270803,577.437035
1.292362,572.094814
1.293394,567.463490
1.311533,564.679961
1.319003,560.994715
1.325673,559.656668
1.345210,557.913092
1.348955,550.389157
1.360111,551.043152
1.367974,546.733146
1.379705,537.965131
1.382073,540.927881
1.396451,538.233130
1.413938,532.236249
1.415039,530.860000
1.420576,523.945269
1.431579,524.723057
1.465946,517.158251
1.476843,515.956720
1.477762,513.884356
1.487257,510.024402
1.492682,507.934094
1.513000,506.313890
1.517332,509.037106
1.523149,501.245759
1.535073,494.473723
1.540047,494.356190
1.544872,493.824700
1.567996,485.828147
1.568677,483.718142
1.600232,486.844784
1.600716,477.799533
1.608923,480.076211
1.623936,476.223138
1.634558,469.738428
1.652095,476.893246
1.656732,466.074569
1.662308,463.076773
1.673206,451.663387
1.678591,460.074868
1.689777,456.641693
1.707631,451.951583
1.713583,448.628483
1.720859,447.542645
1.739970,442.632920
1.749408,440.154022
1.762563,438.673054
1.774341,431.760753
1.784515,431.827168
1.789096,435.741941
1.811566,426.081835
1.815152,423.031788
1.815652,429.998525
1.827108,422.374280
1.841161,416.105210
1.844431,419.592388
1.862024,414.720022
1.873817,412.019070
1.883083,408.527511
1.884824,406.742859
1.895410,403.462314
1.920331,401.319595
1.924666,398.915817
1.936364,397.523540
1.949018,393.908115
1.954494,390.882697
1.964806,388.793894
1.977345,385.982592
1.987451,384.768903
1.995120,382.407788
2.014015,377.979448
2.015557,380.227766
2.023592,377.241267
2.036556,373.631702
2.044444,371.422248
2.053106,369.016079
2.062878,368.043652
2.071827,364.436472
2.083534,362.472634
2.093258,360.390815
2.106805,358.059095
2.107726,358.319841
2.122348,355.390320
2.135845,352.340863
2.145845,351.123414
2.150083,349.373639
2.162894,346.771875
2.172032,344.919602
2.180548,343.245859
2.191821,341.422262
2.195884,339.366665
2.208321,337.578580
2.218741,334.736424
2.222736,333.276073
2.242305,330.749020
2.251828,328.602429
2.264545,326.826425
2.269703,325.446791
2.279729,322.538475
2.289328,320.621512
2.299902,319.020343
2.306235,317.364484
2.318290,315.547905
2.327362,313.318411
2.338302,311.551287
2.345402,309.676663
2.355832,308.005344
2.366995,305.998558
2.376260,303.769348
2.386535,302.263400
2.396698,300.472193
2.406196,298.779675
2.415999,296.973167
2.425983,295.044298
2.434981,293.512827
2.444404,291.691458
2.453945,289.994062
2.462921,288.376162
2.473358,286.872971
2.481313,284.903535
2.492151,282.905446
2.502847,281.445549
2.511039,279.624387
2.520746,278.042116
2.530036,276.507412
2.540546,274.172107
2.549377,273.264417
2.558375,271.499308
2.568836,269.832034
2.577445,268.406299
2.587156,266.698603
2.596122,265.118154
2.605581,263.597648
2.615328,261.858139
2.623985,260.418958
2.633597,258.944871
2.643238,257.364802
2.652936,255.770776
2.661007,254.250578
2.671941,252.755588
2.681403,251.259869
2.689879,249.854198
2.698975,248.381276
2.708696,246.898437
2.717355,245.420047
2.726892,243.998884
2.736677,242.579517
2.745710,241.127835
2.754975,239.634815
2.764276,238.280824
2.773326,236.846664
2.782460,235.478533
2.792064,234.091744
2.800946,232.716678
2.810355,231.371760
2.819380,230.023448
2.828332,228.645945
2.837469,227.340404
2.846931,226.007204
2.855899,224.693431
2.864926,223.390270
2.874517,222.029375
2.883406,220.755348
2.892247,219.452959
2.901594,218.168120
2.910802,216.890782
2.919684,215.638159
2.928712,214.383317
2.937659,213.117017
2.946874,211.881462
2.955832,210.670104
2.964924,209.428556
2.974082,208.200593
2.982952,207.013684
2.991972,205.793868
3.001089,204.597609
3.009962,203.431976
3.019222,202.236208
3.028270,201.067857
3.036990,199.906173
3.045937,198.749251
3.055001,197.603423
3.063808,196.467135
3.072990,195.312557
3.081776,194.211988
3.090623,193.102896
3.099561,191.973263
3.108365,190.878772
3.117331,189.781793
3.126281,188.698725
3.135167,187.603270
3.144013,186.545272
3.152899,185.456073
3.161725,184.411396
3.170633,183.346740
3.179592,182.292702
3.188396,181.258664
3.197203,180.238796
3.206105,179.195929
3.214743,178.185319
3.223640,177.169989
3.232405,176.167852
3.241279,175.171948
3.250081,174.174721
3.258805,173.182599
3.267536,172.203621
3.276388,171.234107
3.285112,170.260485
3.293891,169.302230
3.302642,168.344543
3.311395,167.391492
3.320042,166.453622
3.328856,165.518387
3.337541,164.574885
3.346249,163.663548
3.354996,162.740437
3.363683,161.827875
3.372255,160.923961
3.381145,160.021394
3.389740,159.124772
3.398397,158.245882
3.407106,157.352870
3.415746,156.480279
3.423466,155.611404
3.433083,154.743925
3.441692,153.884648
3.449013,153.027618
3.457459,152.183051
3.465903,151.347468
3.474466,150.503591
3.482810,149.672538
3.491249,148.847441
3.499735,148.023377
3.508150,147.217881
3.516567,146.404125
3.525044,145.594007
3.533344,144.790854
3.541832,144.005513
3.550276,143.206366
3.558663,142.431850
3.566987,141.656760
3.575435,140.875633
3.583755,140.113440
3.592111,139.350413
3.600537,138.587663
3.608806,137.835105
3.617164,137.089438
3.625576,136.342477
3.633887,135.608394
3.642262,134.868410
3.650552,134.142009
3.655965,133.670978
3.658816,133.421482
3.665010,132.889082
3.667204,132.698533
3.674953,132.030645
3.675475,131.985700
3.683742,131.280336
3.683784,131.276061
3.690169,130.734353
3.692084,130.567210
3.695559,130.272696
3.700361,129.869941
3.708609,129.177419
3.708726,129.168151
3.709610,129.094550
3.716935,128.481950
3.722646,128.007632
3.725176,127.796149
3.726943,127.653704
3.733402,127.118725
3.738493,126.699871
3.741708,126.435943
3.748338,125.896807
3.749940,125.764681
3.758160,125.100098
3.759933,124.955763
3.764954,124.551456
3.766433,124.432109
3.774657,123.772597
3.775194,123.731080
3.782857,123.122557
3.785718,122.893955
3.791127,122.466644
3.793054,122.313647
3.797276,121.981635
3.799314,121.820752
3.802910,121.540280
3.807493,121.181767
3.815757,120.538415
3.817222,120.424336
3.819746,120.229960
3.823939,119.905705
3.831036,119.360555
3.832101,119.280559
3.840346,118.648884
3.843438,118.414490
3.848503,118.029676
3.852210,117.749425
3.854048,117.610709
3.856659,117.414596
3.864885,116.796717
3.868512,116.525941
3.873018,116.190806
3.877714,115.841084
3.880034,115.669433
3.881245,115.578815
3.889378,114.980599
3.889475,114.973514
3.897509,114.385162
3.899901,114.209977
3.905704,113.787716
3.909680,113.500029
3.912925,113.264704
3.913825,113.200490
3.921934,112.616866
3.928439,112.151528
3.930136,112.030776
3.934533,111.717104
3.938226,111.454489
3.938858,111.409816
3.946239,110.888081
3.946319,110.882352
3.954500,110.308036
3.955246,110.255832
3.962278,109.764853
3.962586,109.743114
3.970666,109.182013
3.977227,108.728764
3.978641,108.631606
3.978830,108.618860
3.986903,108.065338
3.989779,107.868517
3.997884,107.316977
4.008986,106.567037
4.016631,106.053946
4.027383,105.337906
4.030018,105.163008
4.044023,104.239953
4.047125,104.036799
4.058812,103.275773
4.067189,102.734273
4.076535,102.134246
4.084621,101.618296
4.092815,101.098936
4.096462,100.868623
4.103972,100.396574
4.115849,99.655355
4.121147,99.326650
4.131613,98.681623
4.140362,98.146139
4.151093,97.493969
4.152722,97.395257
4.161944,96.839854
4.174484,96.090691
4.185135,95.459708
4.185964,95.410966
4.196963,94.764976
4.206942,94.183799
4.217255,93.587512
4.220358,93.408831
4.226336,93.066161
4.240444,92.263535
4.249966,91.726676
4.252619,91.577739
4.261881,91.060149
4.271691,90.515925
4.282146,89.940142
4.286300,89.712680
4.293763,89.305817
4.305901,88.648916
4.315922,88.111088
4.316974,88.054736
4.325764,87.586830
4.336106,87.040079
4.343775,86.637086
4.349649,86.330384
4.357551,85.919708
4.369571,85.299546
4.380699,84.730492
4.389774,84.312265
4.394180,84.090109
4.399965,83.799538
4.407130,83.441607
4.415865,83.007645
4.424147,82.598942
4.431279,82.249051
4.444868,81.587578
4.454651,81.115571
4.458273,80.941679
4.470906,80.339058
4.477126,80.044515
4.486030,79.625238
4.488674,79.501248
4.503891,78.792653
4.510270,78.498034
4.516188,78.225869
4.522918,77.918181
4.528365,77.670103
4.538123,77.228292
4.548257,76.772988
4.559990,76.250150
4.565875,75.989678
4.574818,75.595937
4.581592,75.299604
4.592624,74.820097
4.599963,74.503363
4.605794,74.252999
4.614881,73.865082
4.623658,73.492862
4.631943,73.143758
4.636370,72.958028
4.645198,72.589706
4.654485,72.204948
4.658570,72.036461
4.667821,71.656927
4.675672,71.336977
4.687547,70.856725
4.696673,70.490530
4.702315,70.265363
4.709900,69.964187
4.716689,69.695983
4.724142,69.403330
4.730503,69.154781
4.743335,68.656944
4.749649,68.413845
4.759234,68.046974
4.768589,67.691347
4.772879,67.529143
4.781528,67.203813
4.787090,66.995509
4.796034,66.662467
4.806907,66.260975
4.817633,65.867989
4.822615,65.686398
4.826314,65.552109
4.838657,65.106585
4.844288,64.904796
4.850689,64.676290
4.863497,64.222594
4.873374,63.875717
4.880895,63.613169
4.887486,63.384025
4.896979,63.057903
4.903708,62.827105
4.911291,62.567305
4.916781,62.381039
4.922653,62.182485
4.937782,61.675112
4.938635,61.646666
4.951866,61.207953
4.956206,61.065005
4.962151,60.870756
4.977248,60.378244
4.979870,60.294374
4.987834,60.037713
4.994600,59.820057
5.002360,59.572750
5.014172,59.199052
5.023783,58.897457
5.032186,58.635461
5.041481,58.347485
5.042268,58.323385
5.053335,57.983924
5.062882,57.692910
5.068882,57.511029
5.076462,57.282449
5.084819,57.031874
5.095753,56.706341
5.103900,56.465519
5.110628,56.267757
5.116386,56.099221
5.127745,55.768850
5.132205,55.639892
5.141746,55.365435
5.151730,55.080378
5.157960,54.903506
5.166209,54.670604
5.174827,54.428809
5.181697,54.237057
5.188467,54.049099
5.193527,53.909195
5.208702,53.492937
5.210632,53.440280
5.224392,53.067169
5.230476,52.903423
5.237831,52.706401
5.244024,52.541364
5.251836,52.334188
5.261825,52.071094
5.271438,51.819561
5.280401,51.586676
5.288612,51.374645
5.289719,51.346217
5.296832,51.163639
5.306825,50.908826
5.320567,50.561359
5.322636,50.509403
5.333890,50.227863
5.344104,49.974309
5.345698,49.934850
5.354262,49.724034
5.362221,49.529177
5.375564,49.205059
5.383613,49.010964
5.391636,48.818639
5.399495,48.631362
5.403940,48.525743
5.413293,48.305053
5.419527,48.158614
5.424269,48.047663
5.435929,47.776545
5.446906,47.523376
5.449546,47.462806
5.463562,47.142951
5.471405,46.965300
5.475657,46.869486
5.486071,46.635943
5.489924,46.549916
5.502757,46.265261
5.505271,46.209706
5.518001,45.930398
5.521182,45.860898
5.531812,45.629962
5.538126,45.493795
5.550916,45.219477
5.556866,45.092738
5.559982,45.026649
5.569251,44.830620
5.578215,44.642290
5.584508,44.510743
5.596813,44.255332
5.602762,44.132558
5.606757,44.050425
5.621950,43.740204
5.629733,43.582499
5.633569,43.505132
5.639033,43.395189
5.646378,43.248110
5.657354,43.029730
5.662195,42.933986
5.677696,42.629368
5.684810,42.490735
5.687041,42.447408
5.700607,42.185169
5.705076,42.099292
5.710580,41.993939
5.719426,41.825351
5.732538,41.577458
5.740417,41.426303
5.746133,41.322830
5.754512,41.167036
5.763455,41.001799
5.772991,40.826592
5.773687,40.810059
5.788477,40.544604
5.794240,40.436357
5.800606,40.321684
5.809481,40.166635
5.814781,40.068021
5.828504,39.824690
5.830041,39.797597
5.843066,39.569039
5.849393,39.458772
5.856060,39.343055
5.860491,39.266348
5.873581,39.041295
5.877330,38.977343
5.889334,38.773160
5.899361,38.603892
5.903846,38.528561
5.909858,38.427863
5.919783,38.262591
5.930327,38.088152
5.933730,38.032098
5.944603,37.853927
5.947584,37.805381
5.956113,37.666818
5.968566,37.465817
5.977272,37.326347
5.979533,37.290333
5.989851,37.126262
6.001274,36.945891
6.006264,36.867506
6.017095,36.698358
6.024006,36.591078
6.028117,36.527362
6.039611,36.350417
6.046296,36.248073
6.051544,36.168127
6.063396,35.988409
6.071865,35.860853
6.076706,35.788305
6.085868,35.651551
6.098201,35.468747
6.099706,35.446494
6.106920,35.340332
6.121934,35.120978
6.126182,35.059257
6.133349,34.955675
6.140814,34.848080
6.152214,34.684927
6.160910,34.561262
6.164376,34.512077
6.170591,34.424346
6.184599,34.227813
6.189102,34.164958
6.200868,34.001715
6.205817,33.933352
6.213169,33.832250
6.221663,33.716064
6.232967,33.562327
6.233542,33.554590
6.241829,33.442693
6.254789,33.268782
6.263007,33.159228
6.268648,33.084331
6.274393,33.008394
6.281035,32.921020
6.296497,32.718588
6.302505,32.640635
6.311511,32.524095
6.313015,32.504701
6.320953,32.402703
6.334150,32.234223
6.339029,32.172228
6.351248,32.017833
6.354928,31.971636
6.366825,31.822853
6.368863,31.797448
6.383087,31.621174
6.391916,31.512515
6.395745,31.465550
6.407420,31.323200
6.413347,31.251274
6.421066,31.158046
6.431173,31.036491
6.437102,30.965604
6.445432,30.866472
6.455740,30.744398
6.462246,30.667741
6.469809,30.579070
6.477186,30.492913
6.485185,30.399935
6.492340,30.317172
6.499407,30.235778
6.510885,30.104279
6.518688,30.015400
6.523681,29.958745
6.533085,29.852580
6.542562,29.746089
6.551309,29.648399
6.558724,29.565947
6.566909,29.475322
6.567673,29.466838
6.582786,29.300906
6.589689,29.225582
6.598367,29.131238
6.601043,29.102313
6.607453,29.033150
6.615414,28.947422
6.626511,28.828809
6.634703,28.741773
6.641462,28.670190
6.649399,28.586592
6.660386,28.471328
6.666438,28.408283
6.676854,28.300136
6.683755,28.229121
6.688732,28.177625
6.698606,28.076421
6.706369,27.997405
6.716604,27.893603
6.723127,27.827681
6.732399,27.734554
6.737407,27.684466
6.745802,27.600773
6.751970,27.539533
6.761802,27.442435
6.769406,27.367687
6.780681,27.257484
6.789880,27.168060
6.793225,27.135652
6.801627,27.054548
6.813828,26.937431
6.819571,26.882675
6.830573,26.778094
6.830857,26.775394
6.839683,26.692052
6.850881,26.586784
6.854811,26.550096
6.864923,26.455825
6.873170,26.379463
6.879339,26.322489
6.891308,26.212560
6.899290,26.139593
6.910661,26.036334
6.914646,26.000287
6.919909,25.952852
6.934544,25.821541
6.940852,25.765268
6.944017,25.737118
6.952329,25.663421
6.959669,25.598679
6.968385,25.522025
6.976722,25.449064
6.987658,25.353900
6.991026,25.324671
7.003686,25.215450
7.010608,25.155966
7.020845,25.068610
7.029805,24.992429
7.044405,24.869126
7.048717,24.832891
7.057998,24.755172
7.063879,24.706169
7.078574,24.584381
7.080749,24.566482
7.094303,24.455074
7.098697,24.419175
7.106218,24.357869
7.116297,24.276127
7.121157,24.236815
7.130354,24.162770
7.140731,24.079751
7.143394,24.058537
7.154105,23.973354
7.166870,23.872491
7.168669,23.858254
7.179558,23.773001
7.188943,23.699760
7.193342,23.665546
7.200513,23.610029
7.209794,23.538393
7.218966,23.467998
7.223783,24.656866
7.230885,23.376913
7.238976,23.315510
7.246346,23.259730
7.248282,23.245172
7.259417,23.161444
7.264255,23.125191
7.276194,23.036194
7.285238,22.969112
7.293470,22.908335
7.298308,22.872802
7.311032,22.779626
7.318886,22.722397
7.326967,22.663744
7.333688,22.615216
7.341656,22.557843
7.350068,22.497521
7.357216,22.446519
7.361792,22.413952
7.375640,22.315814
7.378124,22.298261
7.388308,22.226688
7.397955,22.159126
7.407852,22.090284
7.415844,22.034916
7.420404,22.003397
7.425823,21.966079
7.436335,21.893913
7.446371,21.825437
7.455228,21.765250
7.460448,21.729911
7.471642,21.654406
7.480026,21.598200
7.484221,21.570090
7.496416,21.488921
7.497343,21.482753
7.507196,21.417491
7.514221,21.371154
7.525382,21.297979
7.535067,21.234741
7.542458,21.186655
7.552806,21.119681
7.554258,21.110351
7.567623,21.024388
7.574329,20.981560
7.582236,20.931088
7.586213,20.905836
7.599935,20.819013
7.604142,20.792495
7.614787,20.725652
7.621091,20.686244
7.632489,20.615303
7.641275,20.560895
7.645436,20.535186
7.656993,20.464125
7.658835,20.452826
7.666953,20.403105
